id	last_name	email	gender
1	Bahls	dbahls0@discovery.com	Female
2	Womack	pwomack1@slashdot.org	Polygender
3	Pandya	dpandya2@plala.or.jp	Non-binary
4	Klasen	vklasen3@chronoengine.com	Agender
5	Povlsen	hpovlsen4@so-net.ne.jp	Male
6	Issacov	eissacov5@weebly.com	Genderfluid
7	Bolletti	tbolletti6@apache.org	Genderqueer
8	Coplestone	scoplestone7@google.it	Genderfluid
9	Poxton	kpoxton8@yahoo.co.jp	Female
10	Clarricoates	dclarricoates9@ucsd.edu	Agender
11	Wallege	vwallegea@blog.com	Female
12	Akroyd	kakroydb@bing.com	Bigender
13	Goss	lgossc@qq.com	Genderfluid
14	Gallyon	hgallyond@stumbleupon.com	Female
15	Meardon	omeardone@msn.com	Bigender
16	Skeermor	bskeermorf@nytimes.com	Polygender
17	Henden	jhendeng@google.co.uk	Genderqueer
18	Sine	jsineh@wix.com	Agender
19	Broome	sbroomei@naver.com	Male
20	Soigoux	fsoigouxj@netscape.com	Non-binary
21	Realy	trealyk@opera.com	Polygender
22	MacKniely	vmacknielyl@bravesites.com	Polygender
23	Ordelt	jordeltm@independent.co.uk	Male
24	Batting	ibattingn@sourceforge.net	Male
25	Winfred	swinfredo@google.de	Bigender
26	Carpmile	tcarpmilep@boston.com	Non-binary
27	Wildblood	rwildbloodq@facebook.com	Agender
28	Aggott	saggottr@dropbox.com	Polygender
29	Greenwell	lgreenwells@utexas.edu	Female
30	Halfhyde	thalfhydet@smugmug.com	Male
31	Clamo	dclamou@dropbox.com	Genderqueer
32	Glennard	lglennardv@hugedomains.com	Agender
33	Loader	rloaderw@vinaora.com	Genderfluid
34	Caroli	dcarolix@noaa.gov	Non-binary
35	Andrioli	mandrioliy@jigsy.com	Bigender
36	Hazard	nhazardz@homestead.com	Genderfluid
37	Irvin	jirvin10@pbs.org	Polygender
38	Mayers	smayers11@vkontakte.ru	Polygender
39	Firth	cfirth12@theglobeandmail.com	Genderfluid
40	Dahlborg	bdahlborg13@latimes.com	Genderqueer
41	Pawlicki	lpawlicki14@wp.com	Male
42	Swarbrick	oswarbrick15@mapy.cz	Genderqueer
43	Dacks	odacks16@tripod.com	Polygender
44	Giovani	lgiovani17@1und1.de	Polygender
45	Dodle	edodle18@bloglovin.com	Agender
46	Ellul	rellul19@typepad.com	Genderfluid
47	Swanton	eswanton1a@xing.com	Female
48	Kauscher	dkauscher1b@hhs.gov	Bigender
49	Wellsman	pwellsman1c@github.io	Bigender
50	Cholwell	tcholwell1d@nyu.edu	Polygender
51	Conor	jconor1e@ehow.com	Male
52	Bricklebank	sbricklebank1f@dmoz.org	Genderqueer
53	Fozard	sfozard1g@infoseek.co.jp	Non-binary
54	Benech	abenech1h@samsung.com	Non-binary
55	Betje	abetje1i@msu.edu	Genderqueer
56	Bannerman	gbannerman1j@lulu.com	Agender
57	Luxmoore	pluxmoore1k@cbsnews.com	Polygender
58	Mulbry	emulbry1l@craigslist.org	Male
59	McKiernan	emckiernan1m@51.la	Female
60	Sibbson	psibbson1n@sphinn.com	Male
61	Whissell	gwhissell1o@nih.gov	Female
62	Bradman	mbradman1p@businessweek.com	Genderfluid
63	Cush	acush1q@bloglovin.com	Bigender
64	Brussell	tbrussell1r@ocn.ne.jp	Polygender
65	Ayers	eayers1s@php.net	Female
66	Downham	hdownham1t@about.com	Agender
67	Teanby	gteanby1u@acquirethisname.com	Non-binary
68	Custard	vcustard1v@instagram.com	Male
69	Roggeman	proggeman1w@biblegateway.com	Genderfluid
70	Renzullo	mrenzullo1x@blinklist.com	Non-binary
71	Exelby	lexelby1y@accuweather.com	Agender
72	Shoorbrooke	gshoorbrooke1z@youtu.be	Non-binary
73	Dowsing	adowsing20@ftc.gov	Agender
74	Dybell	mdybell21@latimes.com	Agender
75	Evitt	pevitt22@google.com	Agender
76	Wilman	cwilman23@go.com	Agender
77	Illes	rilles24@nhs.uk	Genderqueer
78	Gingold	dgingold25@behance.net	Genderqueer
79	Leneham	cleneham26@dion.ne.jp	Non-binary
80	Antonutti	uantonutti27@loc.gov	Genderfluid
81	Kilgrove	ckilgrove28@slideshare.net	Male
82	Lunn	jlunn29@vk.com	Agender
83	McGuigan	lmcguigan2a@google.it	Polygender
84	Elis	delis2b@lycos.com	Female
85	Joysey	gjoysey2c@over-blog.com	Non-binary
86	Clemente	cclemente2d@cdbaby.com	Genderqueer
87	Peche	cpeche2e@bloomberg.com	Polygender
88	Sutherland	csutherland2f@mac.com	Polygender
89	Manicom	amanicom2g@bluehost.com	Agender
90	Moralas	kmoralas2h@washingtonpost.com	Polygender
91	Hawkeswood	hhawkeswood2i@google.co.uk	Polygender
92	Ringwood	pringwood2j@baidu.com	Genderqueer
93	Nutkins	pnutkins2k@squidoo.com	Male
94	Ferie	gferie2l@goodreads.com	Non-binary
95	Rubberts	rrubberts2m@google.com.br	Male
96	Lydden	mlydden2n@odnoklassniki.ru	Female
97	Carverhill	ccarverhill2o@imageshack.us	Female
98	Jacobbe	mjacobbe2p@hatena.ne.jp	Female
99	Ivashnyov	givashnyov2q@vimeo.com	Female
100	Adrianello	radrianello2r@tamu.edu	Female
101	Gissing	cgissing2s@amazon.com	Female
102	Tamas	stamas2t@google.ru	Polygender
103	Van Baaren	bvanbaaren2u@vinaora.com	Non-binary
104	Quinevan	cquinevan2v@usnews.com	Genderqueer
105	Sreenan	ssreenan2w@51.la	Bigender
106	MacKibbon	pmackibbon2x@jimdo.com	Genderfluid
107	Basile	abasile2y@infoseek.co.jp	Non-binary
108	Randalson	arandalson2z@uiuc.edu	Agender
109	Clemmens	lclemmens30@e-recht24.de	Polygender
110	Jiroutek	jjiroutek31@blogger.com	Female
111	Ivanichev	vivanichev32@chronoengine.com	Polygender
112	Figgins	afiggins33@mysql.com	Agender
113	Carnihan	acarnihan34@imageshack.us	Polygender
114	Baiyle	ebaiyle35@buzzfeed.com	Bigender
115	Singleton	csingleton36@npr.org	Female
116	Mil	amil37@earthlink.net	Genderfluid
117	Bradmore	kbradmore38@newyorker.com	Genderqueer
118	Bingell	bbingell39@paginegialle.it	Non-binary
119	Lodder	clodder3a@com.com	Male
120	Roseblade	aroseblade3b@wikimedia.org	Male
121	Finnick	afinnick3c@behance.net	Bigender
122	Gibbett	cgibbett3d@amazon.com	Genderfluid
123	Garrand	sgarrand3e@sohu.com	Genderfluid
124	Strettell	estrettell3f@feedburner.com	Agender
125	Jeromson	rjeromson3g@hhs.gov	Non-binary
126	Gouny	sgouny3h@mapquest.com	Female
127	Foltin	cfoltin3i@google.ca	Polygender
128	Lupton	clupton3j@hugedomains.com	Bigender
129	Wolfit	gwolfit3k@hhs.gov	Genderqueer
130	Quick	bquick3l@sitemeter.com	Agender
131	Bamber	lbamber3m@facebook.com	Genderfluid
132	Kuna	mkuna3n@ustream.tv	Non-binary
133	Battersby	vbattersby3o@jigsy.com	Genderfluid
134	Mogg	bmogg3p@icio.us	Male
135	Bothram	jbothram3q@cnn.com	Genderfluid
136	Yurinov	ayurinov3r@topsy.com	Male
137	Bouette	fbouette3s@feedburner.com	Polygender
138	Lunk	dlunk3t@imageshack.us	Non-binary
139	Mountney	rmountney3u@opensource.org	Genderfluid
140	Gloster	sgloster3v@friendfeed.com	Male
141	Carlisso	ccarlisso3w@earthlink.net	Genderqueer
142	Plowes	zplowes3x@goo.ne.jp	Agender
143	Entwisle	gentwisle3y@discovery.com	Polygender
144	Lubbock	clubbock3z@opensource.org	Bigender
145	Signoret	tsignoret40@sciencedaily.com	Genderfluid
146	Quogan	cquogan41@ustream.tv	Genderfluid
147	McKune	wmckune42@hexun.com	Bigender
148	Ullyott	cullyott43@pinterest.com	Bigender
149	Dict	kdict44@ezinearticles.com	Bigender
150	Clift	aclift45@bluehost.com	Male
151	Massy	cmassy46@intel.com	Agender
152	Stannas	ostannas47@a8.net	Female
153	Attwood	jattwood48@sitemeter.com	Non-binary
154	Newall	enewall49@squidoo.com	Genderfluid
155	Hatchell	lhatchell4a@independent.co.uk	Agender
156	Font	dfont4b@sbwire.com	Male
157	Attow	dattow4c@fastcompany.com	Polygender
158	Lochrie	slochrie4d@telegraph.co.uk	Agender
159	Priver	lpriver4e@xinhuanet.com	Polygender
160	Noseworthy	tnoseworthy4f@engadget.com	Female
161	Craise	dcraise4g@netlog.com	Agender
162	Izakovitz	jizakovitz4h@techcrunch.com	Bigender
163	Matzaitis	rmatzaitis4i@hatena.ne.jp	Genderfluid
164	Sayce	msayce4j@aboutads.info	Genderfluid
165	Catonnet	rcatonnet4k@house.gov	Agender
166	Dullard	cdullard4l@facebook.com	Male
167	Summerscales	fsummerscales4m@usa.gov	Polygender
168	Zeplin	azeplin4n@ow.ly	Agender
169	Needham	aneedham4o@spiegel.de	Non-binary
170	Crawshay	jcrawshay4p@quantcast.com	Polygender
171	Chater	achater4q@theguardian.com	Agender
172	O'Collopy	gocollopy4r@hao123.com	Genderqueer
173	Oloman	doloman4s@nih.gov	Male
174	Dansken	rdansken4t@ftc.gov	Bigender
175	Sunnucks	bsunnucks4u@nymag.com	Non-binary
176	De Coursey	pdecoursey4v@jalbum.net	Polygender
177	Janata	gjanata4w@shareasale.com	Female
178	Troker	rtroker4x@newyorker.com	Bigender
179	Hadleigh	mhadleigh4y@dedecms.com	Non-binary
180	Foat	afoat4z@google.fr	Polygender
181	Fewtrell	sfewtrell50@imageshack.us	Agender
182	Strain	cstrain51@arizona.edu	Bigender
183	Pankhurst.	rpankhurst52@meetup.com	Genderfluid
184	Reffe	creffe53@geocities.com	Genderqueer
185	McElane	bmcelane54@cargocollective.com	Male
186	Longmead	llongmead55@tinyurl.com	Genderfluid
187	Buncher	mbuncher56@wikipedia.org	Non-binary
188	Simkovich	jsimkovich57@msn.com	Female
189	Giddins	ggiddins58@aol.com	Male
190	Lobb	klobb59@jalbum.net	Non-binary
191	Thurber	dthurber5a@sfgate.com	Female
192	Seear	cseear5b@topsy.com	Female
193	Slogrove	tslogrove5c@theatlantic.com	Polygender
194	Hague	bhague5d@google.ca	Non-binary
195	Cripin	ccripin5e@wikipedia.org	Genderfluid
196	Bruce	lbruce5f@vkontakte.ru	Female
197	Marcam	amarcam5g@nba.com	Genderfluid
198	Pershouse	jpershouse5h@mlb.com	Agender
199	Ashlee	bashlee5i@g.co	Non-binary
200	Winckworth	hwinckworth5j@mozilla.org	Genderfluid
201	Otteridge	hotteridge5k@imgur.com	Agender
202	Noblet	hnoblet5l@acquirethisname.com	Bigender
203	Fronczak	sfronczak5m@twitpic.com	Male
204	Josskovitz	bjosskovitz5n@blog.com	Genderqueer
205	Craigmile	dcraigmile5o@devhub.com	Male
206	Blesdill	kblesdill5p@sciencedirect.com	Genderqueer
207	Thornton-Dewhirst	sthorntondewhirst5q@newsvine.com	Genderfluid
208	Vinecombe	pvinecombe5r@nyu.edu	Genderqueer
209	McNickle	bmcnickle5s@live.com	Agender
210	Kitchener	rkitchener5t@php.net	Agender
211	Dumbare	ddumbare5u@bloglines.com	Genderfluid
212	Danilyuk	sdanilyuk5v@prweb.com	Non-binary
213	Farnsworth	tfarnsworth5w@gravatar.com	Male
214	Cosser	fcosser5x@skype.com	Agender
215	Rickhuss	crickhuss5y@pbs.org	Agender
216	Darlasson	sdarlasson5z@t.co	Male
217	Francklyn	vfrancklyn60@webs.com	Genderqueer
218	Backshall	ebackshall61@yolasite.com	Agender
219	Larsen	glarsen62@reuters.com	Genderfluid
220	Pinsent	cpinsent63@pen.io	Genderqueer
221	Hartford	thartford64@nsw.gov.au	Bigender
222	Bridgnell	dbridgnell65@icio.us	Male
223	Boodell	jboodell66@sbwire.com	Agender
224	Forgie	eforgie67@plala.or.jp	Female
225	Conybear	mconybear68@sun.com	Non-binary
226	Landrick	glandrick69@mail.ru	Bigender
227	Lambol	hlambol6a@amazonaws.com	Genderqueer
228	Vandenhoff	gvandenhoff6b@home.pl	Female
229	Duinbleton	bduinbleton6c@sbwire.com	Polygender
230	Wallwood	kwallwood6d@ameblo.jp	Male
231	Cubbinelli	ccubbinelli6e@dion.ne.jp	Bigender
232	Seaking	tseaking6f@elpais.com	Agender
233	Coping	mcoping6g@elpais.com	Female
234	Letten	aletten6h@whitehouse.gov	Female
235	Pierson	tpierson6i@4shared.com	Female
236	Choulerton	wchoulerton6j@bigcartel.com	Genderfluid
237	Hulmes	thulmes6k@ning.com	Agender
238	Andrzejewski	candrzejewski6l@mediafire.com	Male
239	Smiley	tsmiley6m@aol.com	Genderqueer
240	Bambury	lbambury6n@people.com.cn	Agender
241	Stiell	estiell6o@acquirethisname.com	Male
242	Ector	mector6p@indiatimes.com	Bigender
243	Arntzen	farntzen6q@jalbum.net	Female
244	Holsall	mholsall6r@furl.net	Genderqueer
245	Degli Antoni	odegliantoni6s@shareasale.com	Bigender
246	Corradino	scorradino6t@blinklist.com	Female
247	Bourner	hbourner6u@studiopress.com	Genderfluid
248	Carnelley	lcarnelley6v@umich.edu	Female
249	Buche	lbuche6w@hugedomains.com	Non-binary
250	Matyushkin	ematyushkin6x@cdc.gov	Male
251	Robel	mrobel6y@comcast.net	Genderqueer
252	Warstall	kwarstall6z@t.co	Bigender
253	Weinberg	dweinberg70@php.net	Polygender
254	Bedlington	rbedlington71@wisc.edu	Polygender
255	Habgood	qhabgood72@cdbaby.com	Polygender
256	Redsell	rredsell73@si.edu	Genderqueer
257	Ottley	lottley74@vimeo.com	Polygender
258	Royce	vroyce75@opera.com	Polygender
259	Bougourd	mbougourd76@google.cn	Genderqueer
260	Clavey	dclavey77@apple.com	Female
261	MacGarvey	wmacgarvey78@stumbleupon.com	Genderfluid
262	De Blasiis	cdeblasiis79@alexa.com	Polygender
263	Burnard	cburnard7a@dedecms.com	Male
264	Chidlow	jchidlow7b@360.cn	Bigender
265	Diddams	cdiddams7c@goodreads.com	Genderfluid
266	Threadkell	jthreadkell7d@elpais.com	Female
267	Pryor	bpryor7e@answers.com	Agender
268	Bonhomme	fbonhomme7f@stumbleupon.com	Genderfluid
269	Hasluck	nhasluck7g@aboutads.info	Polygender
270	Imos	cimos7h@miitbeian.gov.cn	Female
271	Embleton	jembleton7i@nasa.gov	Bigender
272	Janecki	njanecki7j@elegantthemes.com	Polygender
273	Ilsley	hilsley7k@cbsnews.com	Agender
274	Stockall	kstockall7l@loc.gov	Genderqueer
275	McAsgill	hmcasgill7m@dagondesign.com	Polygender
276	Fellon	sfellon7n@engadget.com	Genderqueer
277	Yakubovics	tyakubovics7o@facebook.com	Non-binary
278	Gerrad	kgerrad7p@utexas.edu	Non-binary
279	Coxall	jcoxall7q@pen.io	Polygender
280	Wolfers	ewolfers7r@infoseek.co.jp	Male
281	Symon	vsymon7s@51.la	Agender
282	Glanvill	pglanvill7t@discuz.net	Male
283	Learmonth	mlearmonth7u@hp.com	Genderfluid
284	Pearman	spearman7v@si.edu	Bigender
285	Sandall	csandall7w@booking.com	Genderfluid
286	Garbar	kgarbar7x@forbes.com	Non-binary
287	Rodda	drodda7y@e-recht24.de	Genderfluid
288	Windrus	jwindrus7z@unicef.org	Female
289	Lillford	mlillford80@slate.com	Female
290	Coudray	acoudray81@geocities.jp	Male
291	Ravillas	sravillas82@ezinearticles.com	Male
292	Bleaden	tbleaden83@scribd.com	Agender
293	Brownhill	gbrownhill84@infoseek.co.jp	Non-binary
294	Woolley	bwoolley85@ucoz.com	Genderqueer
295	McElane	lmcelane86@dedecms.com	Genderfluid
296	Ollander	lollander87@issuu.com	Agender
297	Filppetti	afilppetti88@cbslocal.com	Polygender
298	Huller	ahuller89@google.es	Male
299	Gaine	kgaine8a@oaic.gov.au	Agender
300	Torresi	ptorresi8b@jimdo.com	Genderqueer
301	Michelet	hmichelet8c@hatena.ne.jp	Genderqueer
302	McFade	rmcfade8d@free.fr	Agender
303	McGreary	kmcgreary8e@altervista.org	Polygender
304	Eddleston	veddleston8f@webeden.co.uk	Male
305	Guitonneau	aguitonneau8g@nydailynews.com	Non-binary
306	Marzelle	lmarzelle8h@newyorker.com	Genderqueer
307	Hurdwell	lhurdwell8i@ft.com	Bigender
308	Varey	hvarey8j@ocn.ne.jp	Bigender
309	Frazier	dfrazier8k@marketwatch.com	Polygender
310	Mc Grath	amcgrath8l@com.com	Genderqueer
311	Caizley	ncaizley8m@google.fr	Non-binary
312	Fyall	efyall8n@github.com	Genderfluid
313	Mushett	hmushett8o@census.gov	Polygender
314	Eastham	yeastham8p@virginia.edu	Polygender
315	Barszczewski	hbarszczewski8q@webeden.co.uk	Bigender
316	Ganiford	aganiford8r@soup.io	Agender
317	Semmens	msemmens8s@mapquest.com	Female
318	Kilgrew	dkilgrew8t@tiny.cc	Bigender
319	Jakubowsky	wjakubowsky8u@dell.com	Genderqueer
320	Gradley	pgradley8v@hostgator.com	Genderqueer
321	Swyn	rswyn8w@sfgate.com	Genderfluid
322	Fewlass	tfewlass8x@sfgate.com	Bigender
323	Whyley	wwhyley8y@forbes.com	Genderqueer
324	Stephen	dstephen8z@harvard.edu	Genderfluid
325	Anselm	sanselm90@theatlantic.com	Non-binary
326	Soppit	ssoppit91@dailymail.co.uk	Male
327	O'Dooghaine	modooghaine92@icio.us	Polygender
328	Stonhewer	cstonhewer93@nifty.com	Agender
329	Crimes	fcrimes94@csmonitor.com	Agender
330	Crebbin	mcrebbin95@skype.com	Genderqueer
331	Tabbernor	gtabbernor96@com.com	Female
332	Sillars	asillars97@themeforest.net	Male
333	Haycroft	ehaycroft98@booking.com	Genderqueer
334	Mackness	smackness99@biblegateway.com	Agender
335	Thomke	othomke9a@independent.co.uk	Genderqueer
336	Vigars	nvigars9b@ning.com	Polygender
337	Jacobsson	bjacobsson9c@sciencedaily.com	Bigender
338	Skerman	cskerman9d@princeton.edu	Polygender
339	Stealey	hstealey9e@livejournal.com	Genderfluid
340	Solway	lsolway9f@reverbnation.com	Non-binary
341	Prendergrast	iprendergrast9g@macromedia.com	Genderqueer
342	De Nisco	kdenisco9h@cargocollective.com	Female
343	Spottiswoode	jspottiswoode9i@cdc.gov	Polygender
344	Van Schafflaer	jvanschafflaer9j@free.fr	Genderfluid
345	Simester	asimester9k@163.com	Female
346	Ianne	aianne9l@gmpg.org	Polygender
347	Harragin	mharragin9m@google.nl	Female
348	Naisby	jnaisby9n@theglobeandmail.com	Polygender
349	Corsham	mcorsham9o@walmart.com	Female
350	Bastable	bbastable9p@pen.io	Male
351	Echalie	techalie9q@theatlantic.com	Genderqueer
352	Danniell	tdanniell9r@jiathis.com	Genderfluid
353	Glastonbury	lglastonbury9s@census.gov	Genderqueer
354	Cocher	ccocher9t@home.pl	Non-binary
355	Mealing	hmealing9u@people.com.cn	Polygender
356	Vynoll	nvynoll9v@last.fm	Non-binary
357	Menelaws	mmenelaws9w@businessinsider.com	Female
358	Dunton	gdunton9x@abc.net.au	Bigender
359	Cornford	bcornford9y@toplist.cz	Genderqueer
360	Kohler	fkohler9z@hao123.com	Non-binary
361	Marquez	lmarqueza0@businessinsider.com	Genderfluid
362	Baudassi	hbaudassia1@theglobeandmail.com	Agender
363	Brinklow	sbrinklowa2@cornell.edu	Genderfluid
364	Weatherburn	aweatherburna3@tamu.edu	Agender
365	Borrie	mborriea4@mediafire.com	Non-binary
366	Gronav	vgronava5@ow.ly	Female
367	Juleff	njuleffa6@myspace.com	Agender
368	Runnett	hrunnetta7@bing.com	Male
369	Ascroft	yascrofta8@hud.gov	Genderfluid
370	O'Curneen	jocurneena9@drupal.org	Non-binary
371	Skinn	rskinnaa@cornell.edu	Agender
372	Ludmann	cludmannab@twitter.com	Male
373	Spacey	mspaceyac@arizona.edu	Agender
374	Blythin	rblythinad@weebly.com	Male
375	Millan	amillanae@dropbox.com	Female
376	Gaitone	sgaitoneaf@baidu.com	Non-binary
377	Gillon	lgillonag@ca.gov	Bigender
378	Rabbitt	srabbittah@umn.edu	Bigender
379	Yukhnov	dyukhnovai@forbes.com	Male
380	Johnke	mjohnkeaj@newyorker.com	Agender
381	McCorkell	gmccorkellak@intel.com	Non-binary
382	Ody	dodyal@mac.com	Bigender
383	Coon	ecoonam@e-recht24.de	Bigender
384	Shadfourth	ishadfourthan@wordpress.com	Genderfluid
385	Derricoat	gderricoatao@hatena.ne.jp	Agender
386	Kearsley	ykearsleyap@admin.ch	Non-binary
387	Glassup	gglassupaq@sun.com	Bigender
388	MacGeffen	mmacgeffenar@paypal.com	Polygender
389	Cowlishaw	vcowlishawas@slate.com	Polygender
390	Kupis	dkupisat@woothemes.com	Polygender
391	Neely	fneelyau@newsvine.com	Female
392	Tortis	btortisav@nba.com	Male
393	Elves	celvesaw@ezinearticles.com	Polygender
394	Finders	afindersax@paypal.com	Agender
395	Filipchikov	dfilipchikovay@stumbleupon.com	Male
396	Winger	mwingeraz@creativecommons.org	Bigender
397	Tinn	ltinnb0@comsenz.com	Bigender
398	Lambkin	dlambkinb1@fastcompany.com	Polygender
399	Hexter	hhexterb2@angelfire.com	Bigender
400	Limprecht	klimprechtb3@foxnews.com	Genderfluid
401	Barrass	bbarrassb4@flickr.com	Bigender
402	China	hchinab5@merriam-webster.com	Non-binary
403	Shotboulte	cshotboulteb6@geocities.jp	Non-binary
404	Fautly	cfautlyb7@ehow.com	Female
405	Corran	ccorranb8@ycombinator.com	Male
406	Blackleech	bblackleechb9@miitbeian.gov.cn	Female
407	Macklin	mmacklinba@1688.com	Genderqueer
408	Witherington	uwitheringtonbb@barnesandnoble.com	Agender
409	Paolini	apaolinibc@nationalgeographic.com	Male
410	Limbert	flimbertbd@cbsnews.com	Polygender
411	Izkovitch	aizkovitchbe@ibm.com	Agender
412	Gorrie	cgorriebf@umn.edu	Non-binary
413	Patifield	cpatifieldbg@wix.com	Bigender
414	Lehrahan	blehrahanbh@mac.com	Agender
415	Westwick	hwestwickbi@weebly.com	Agender
416	Poleye	hpoleyebj@webs.com	Polygender
417	Huckabe	dhuckabebk@ovh.net	Agender
418	Tettersell	htettersellbl@baidu.com	Genderqueer
419	Vile	fvilebm@accuweather.com	Bigender
420	Jacquemy	mjacquemybn@wix.com	Genderfluid
421	Ingman	kingmanbo@dagondesign.com	Genderfluid
422	Capineer	jcapineerbp@businessweek.com	Bigender
423	Laundon	flaundonbq@ucoz.ru	Agender
424	Greenrod	rgreenrodbr@state.gov	Non-binary
425	Arias	eariasbs@narod.ru	Bigender
426	Nicholl	anichollbt@amazon.co.uk	Female
427	Gaber	cgaberbu@walmart.com	Female
428	Chaperlin	schaperlinbv@aboutads.info	Genderfluid
429	Gutch	kgutchbw@purevolume.com	Genderqueer
430	Barnard	lbarnardbx@cnbc.com	Female
431	Lochran	alochranby@vinaora.com	Agender
432	Busher	ebusherbz@privacy.gov.au	Genderqueer
433	Tibbetts	mtibbettsc0@cnbc.com	Male
434	Ort	bortc1@forbes.com	Agender
435	Bygreaves	mbygreavesc2@dion.ne.jp	Female
436	Deinert	odeinertc3@vinaora.com	Genderqueer
437	Maunder	kmaunderc4@issuu.com	Genderfluid
438	Ebhardt	vebhardtc5@wunderground.com	Genderqueer
439	Gower	ggowerc6@over-blog.com	Agender
440	Bronger	gbrongerc7@4shared.com	Non-binary
441	Marsden	fmarsdenc8@parallels.com	Male
442	Arpur	iarpurc9@baidu.com	Genderqueer
443	Cumberland	acumberlandca@instagram.com	Agender
444	Stinchcombe	tstinchcombecb@geocities.jp	Agender
445	Ballin	mballincc@eepurl.com	Male
446	Twoohy	mtwoohycd@hugedomains.com	Genderfluid
447	Ferdinand	mferdinandce@angelfire.com	Genderfluid
448	Scoterbosh	mscoterboshcf@princeton.edu	Male
449	Svanini	wsvaninicg@china.com.cn	Genderqueer
450	Knight	uknightch@imageshack.us	Male
451	Thompsett	athompsettci@europa.eu	Genderqueer
452	Manie	fmaniecj@acquirethisname.com	Agender
453	Craven	mcravenck@amazon.de	Agender
454	MacBean	emacbeancl@shop-pro.jp	Male
455	Skitral	hskitralcm@google.ru	Polygender
456	Rebanks	zrebankscn@ca.gov	Non-binary
457	Micco	pmiccoco@hp.com	Polygender
458	Westall	dwestallcp@diigo.com	Bigender
459	Mc Giffin	rmcgiffincq@infoseek.co.jp	Non-binary
460	Maine	bmainecr@arizona.edu	Polygender
461	Starte	wstartecs@shutterfly.com	Polygender
462	Domaschke	edomaschkect@twitpic.com	Genderqueer
463	Thieme	kthiemecu@npr.org	Agender
464	Olliffe	yolliffecv@engadget.com	Agender
465	Woodham	jwoodhamcw@amazon.co.jp	Genderfluid
466	Krause	kkrausecx@walmart.com	Male
467	Hedlestone	hhedlestonecy@kickstarter.com	Polygender
468	Baptie	jbaptiecz@google.pl	Male
469	Clapison	sclapisond0@printfriendly.com	Male
470	Grace	egraced1@cdbaby.com	Genderqueer
471	Matias	imatiasd2@state.gov	Genderqueer
472	Judgkins	ajudgkinsd3@businessweek.com	Genderfluid
473	Feldhorn	afeldhornd4@nyu.edu	Genderqueer
474	Marzello	tmarzellod5@irs.gov	Bigender
475	Dibson	ddibsond6@wikipedia.org	Male
476	Badland	lbadlandd7@stanford.edu	Agender
477	O'Kieran	gokierand8@ihg.com	Female
478	Duchateau	pduchateaud9@earthlink.net	Genderfluid
479	Dunsford	adunsfordda@epa.gov	Non-binary
480	Ashling	cashlingdb@barnesandnoble.com	Bigender
481	Armall	marmalldc@biglobe.ne.jp	Male
482	Melvin	kmelvindd@ameblo.jp	Male
483	Pill	kpillde@answers.com	Genderfluid
484	Brade	nbradedf@cloudflare.com	Agender
485	Yegorshin	fyegorshindg@blogtalkradio.com	Male
486	McIver	amciverdh@bing.com	Male
487	Domino	ldominodi@ebay.com	Genderfluid
488	Proffitt	sproffittdj@springer.com	Genderqueer
489	Rubroe	arubroedk@senate.gov	Male
490	Chalcraft	cchalcraftdl@edublogs.org	Polygender
491	Marini	kmarinidm@amazon.com	Female
492	Perico	fpericodn@mac.com	Bigender
493	Johnsee	vjohnseedo@blogs.com	Bigender
494	Brach	rbrachdp@mapy.cz	Female
495	Sugars	jsugarsdq@webnode.com	Genderfluid
496	Slatcher	lslatcherdr@phoca.cz	Genderfluid
497	Grioli	pgriolids@tumblr.com	Genderfluid
498	Brewood	cbrewooddt@irs.gov	Polygender
499	Callister	dcallisterdu@topsy.com	Male
500	Fumagalli	ifumagallidv@liveinternet.ru	Female
